user_id,name,gender,age,traits,status,interest,feature
1,David Miller,female,39,"fun-loving, creative, practical, energetic, patient",writer," action movies,  sci-fi movies,  classic movies",Watcher;Explorer;Poster
2,James Brown,male,70,"independent, creative, patient, empathetic",engineer," comedy movies,  family-friendly movies,  documentaries,  thriller movies",Watcher;Critic;Poster
3,John Taylor,male,68,optimistic,doctor," action movies,  thriller movies",Watcher;Poster
4,James Jones,male,59,"practical, fun-loving, creative, ambitious, caring",farmer, documentaries,Watcher;Poster
5,Jane Brown,female,30,"patient, adventurous, fun-loving, optimistic",doctor, documentaries,Watcher;Explorer;Poster
6,David Jones,male,23,"analytical, energetic, introspective, independent",scientist," family-friendly movies,  thriller movies,  action movies,  sci-fi movies",Poster
7,James Garcia,male,20,"practical, energetic, introspective, patient",engineer," documentaries,  thriller movies,  comedy movies,  classic movies,  romantic movies",Watcher;Explorer;Poster
8,Robert Johnson,female,61,"analytical, introspective, independent",farmer, romantic movies,Watcher;Chatter
9,Linda Williams,male,42,"meticulous, fun-loving, analytical",lawyer," documentaries,  romantic movies,  classic movies,  sci-fi movies,  family-friendly movies",Watcher;Explorer
10,Linda Davis,male,25,"independent, empathetic, analytical, caring, meticulous",artist, classic movies,Watcher;Explorer
11,Sarah Davis,female,21,"ambitious, practical",entrepreneur, action movies,Watcher;Explorer
12,Mary Williams,male,39,"patient, independent, energetic, ambitious, practical",farmer," sci-fi movies,  classic movies,  comedy movies",Watcher;Explorer;Critic;Poster
13,Michael Brown,female,42,"compassionate, empathetic, energetic, practical, creative",doctor," action movies,  sci-fi movies,  documentaries",Watcher;Chatter;Poster
14,Mary Brown,female,24,"patient, caring, analytical, empathetic, introspective",lawyer," comedy movies,  family-friendly movies,  action movies,  classic movies,  thriller movies",Poster
15,Emily Miller,female,20,"creative, independent",writer," sci-fi movies,  classic movies,  action movies,  romantic movies",Explorer;Chatter;Poster
16,John Miller,male,27,"outgoing, practical, compassionate, optimistic",farmer," thriller movies,  comedy movies,  sci-fi movies,  romantic movies,  documentaries",Watcher
17,Jane Garcia,male,58,"outgoing, compassionate, analytical, patient",engineer," action movies,  romantic movies,  sci-fi movies",Watcher;Explorer
18,Michael Williams,male,45,independent,doctor, romantic movies,Watcher;Explorer
19,John Martinez,female,54,"optimistic, adventurous, introspective, patient",lawyer," comedy movies,  romantic movies,  classic movies",Watcher;Critic
20,Emily Davis,male,58,optimistic,retired," romantic movies,  sci-fi movies",Explorer;Chatter;Poster
21,John Taylor,female,30,"practical, introspective, ambitious",student," classic movies,  action movies",Explorer
22,Robert Martinez,male,35,"fun-loving, meticulous, practical, outgoing, compassionate",engineer," thriller movies,  comedy movies,  family-friendly movies,  romantic movies,  sci-fi movies",Explorer;Critic;Chatter;Poster
23,David Miller,female,26,"outgoing, practical, optimistic",writer," family-friendly movies,  comedy movies,  sci-fi movies,  thriller movies,  classic movies",Critic;Poster
24,Michael Jones,male,54,"caring, outgoing",farmer, family-friendly movies,Explorer
25,Linda Miller,female,31,"ambitious, independent, creative",entrepreneur," comedy movies,  action movies",Explorer;Poster
26,Mary Miller,male,58,"outgoing, optimistic, fun-loving",writer," romantic movies,  family-friendly movies,  classic movies,  documentaries",Watcher;Chatter
27,Emily Brown,female,28,ambitious,writer, romantic movies,Watcher
28,James Williams,female,37,"empathetic, introspective, independent",writer," family-friendly movies,  action movies",Poster
29,Mary Taylor,male,44,"meticulous, optimistic, compassionate, practical",artist, family-friendly movies,Watcher;Critic
30,David Garcia,male,43,"analytical, optimistic",farmer, classic movies,Watcher;Poster
31,Mary Garcia,female,55,"fun-loving, ambitious, analytical, independent",doctor," documentaries,  romantic movies,  sci-fi movies,  family-friendly movies,  classic movies",Watcher;Explorer
32,Jane Davis,female,25,"creative, ambitious, optimistic, introspective",teacher, classic movies,Watcher;Explorer
33,Jane Martinez,male,28,"caring, empathetic, compassionate, creative, analytical",doctor," romantic movies,  classic movies",Watcher;Critic
34,Michael Williams,female,32,"meticulous, caring, analytical, practical, empathetic",entrepreneur, comedy movies,Watcher;Explorer;Chatter
35,Robert Johnson,female,68,"optimistic, patient, practical",lawyer," comedy movies,  thriller movies",Critic;Chatter;Poster
36,Jane Jones,male,59,"meticulous, fun-loving, ambitious, outgoing",engineer," sci-fi movies,  comedy movies",Watcher;Critic
37,James Johnson,male,70,caring,farmer," documentaries,  comedy movies,  romantic movies,  classic movies,  family-friendly movies",Watcher;Poster
38,David Brown,female,47,"meticulous, empathetic, practical, creative",artist, sci-fi movies,Explorer
39,James Davis,male,56,"creative, compassionate",entrepreneur," classic movies,  sci-fi movies",Critic;Poster
40,James Brown,female,57,"outgoing, caring",scientist," documentaries,  romantic movies,  comedy movies",Critic;Poster
41,David Martinez,male,35,"patient, independent",entrepreneur, classic movies,Explorer;Critic;Chatter;Poster
42,Jane Smith,male,51,"caring, outgoing, independent",scientist, action movies,Watcher;Chatter;Poster
43,Linda Miller,male,29,optimistic,artist, family-friendly movies,Chatter
44,Mary Brown,female,58,outgoing,scientist," family-friendly movies,  sci-fi movies",Explorer;Poster
45,David Williams,male,61,patient,artist," thriller movies,  classic movies",Watcher;Explorer;Poster
46,John Garcia,female,36,"analytical, practical, empathetic, compassionate, meticulous",entrepreneur," romantic movies,  family-friendly movies,  action movies,  sci-fi movies",Watcher
47,Michael Miller,male,26,"energetic, optimistic",teacher," sci-fi movies,  comedy movies,  romantic movies,  family-friendly movies,  documentaries",Watcher;Explorer;Chatter;Poster
48,David Williams,female,38,"fun-loving, creative",teacher," action movies,  sci-fi movies,  romantic movies,  thriller movies",Watcher;Chatter
49,Sarah Miller,male,30,"energetic, optimistic",student," documentaries,  sci-fi movies",Critic;Poster
50,Mary Jones,male,41,"introspective, adventurous, energetic",retired," thriller movies,  classic movies,  family-friendly movies",Explorer;Chatter;Poster
51,Mary Martinez,female,25,"fun-loving, energetic, optimistic, creative, practical",writer," classic movies,  comedy movies,  romantic movies,  action movies",Critic
52,Mary Williams,male,30,"adventurous, creative, optimistic",writer, comedy movies,Critic;Chatter
53,Michael Williams,male,59,"energetic, empathetic",engineer," comedy movies,  family-friendly movies,  documentaries",Critic
54,Linda Jones,female,21,"empathetic, outgoing, adventurous",student," classic movies,  action movies,  comedy movies",Poster
55,Mary Garcia,male,64,"patient, caring, optimistic",doctor," classic movies,  action movies,  thriller movies",Critic
56,Mary Taylor,female,22,"compassionate, patient, outgoing",entrepreneur, thriller movies,Watcher;Explorer;Chatter
57,John Johnson,male,65,"practical, compassionate",writer," thriller movies,  documentaries,  classic movies,  family-friendly movies,  romantic movies",Watcher;Explorer
58,John Jones,male,61,"optimistic, practical, patient, compassionate",writer," family-friendly movies,  classic movies,  documentaries",Watcher
59,John Smith,male,22,"fun-loving, compassionate, optimistic, caring, adventurous",engineer," thriller movies,  documentaries",Watcher;Poster
60,David Davis,female,48,"meticulous, outgoing, introspective, analytical",artist," sci-fi movies,  classic movies,  action movies,  family-friendly movies,  comedy movies",Explorer;Critic
61,John Brown,male,52,"independent, optimistic, energetic",student," classic movies,  action movies,  sci-fi movies,  thriller movies",Watcher
62,Robert Garcia,male,58,"creative, ambitious, outgoing",teacher," sci-fi movies,  documentaries,  classic movies,  romantic movies",Watcher;Critic;Poster
63,Mary Miller,female,23,"fun-loving, empathetic, outgoing, analytical",teacher," documentaries,  thriller movies",Poster
64,Emily Taylor,female,46,"compassionate, outgoing, ambitious, practical",artist," thriller movies,  romantic movies",Watcher;Critic;Chatter
65,Linda Williams,female,30,"meticulous, empathetic, analytical",scientist," thriller movies,  classic movies,  action movies,  documentaries,  comedy movies",Watcher
66,John Miller,female,40,optimistic,teacher," documentaries,  family-friendly movies,  romantic movies,  classic movies",Critic;Poster
67,Michael Martinez,male,54,"introspective, energetic",retired, action movies,Watcher
68,James Jones,female,60,"energetic, practical, meticulous",lawyer," classic movies,  family-friendly movies,  action movies",Critic;Poster
69,Mary Williams,female,54,"patient, compassionate, meticulous, practical, analytical",artist, family-friendly movies,Critic
70,Sarah Brown,male,34,"ambitious, analytical",farmer," sci-fi movies,  thriller movies,  classic movies",Explorer;Critic;Chatter;Poster
71,David Martinez,male,22,"practical, outgoing, optimistic, energetic, analytical",doctor," sci-fi movies,  family-friendly movies,  comedy movies,  romantic movies,  classic movies",Critic
72,Emily Brown,female,28,optimistic,student," romantic movies,  comedy movies",Explorer;Chatter
73,Sarah Johnson,male,53,adventurous,entrepreneur," thriller movies,  family-friendly movies,  sci-fi movies,  comedy movies,  romantic movies",Watcher;Critic;Poster
74,Mary Martinez,male,66,independent,teacher," sci-fi movies,  classic movies",Watcher;Explorer;Poster
75,Robert Martinez,female,36,"introspective, creative, empathetic, ambitious, caring",artist," romantic movies,  family-friendly movies,  comedy movies,  thriller movies",Watcher;Critic;Chatter;Poster
76,Sarah Johnson,female,39,creative,engineer," classic movies,  action movies,  family-friendly movies",Chatter
77,Michael Jones,female,28,"compassionate, meticulous",lawyer, romantic movies,Watcher
78,David Davis,male,40,"practical, meticulous, introspective",retired," family-friendly movies,  romantic movies,  action movies",Watcher;Critic
79,Mary Smith,female,23,caring,scientist, documentaries,Watcher;Explorer
80,Sarah Brown,female,53,"optimistic, creative",retired," documentaries,  sci-fi movies,  classic movies,  thriller movies",Critic
81,James Williams,male,42,"compassionate, fun-loving, meticulous, ambitious, patient",retired," romantic movies,  sci-fi movies,  comedy movies,  family-friendly movies",Watcher;Chatter;Poster
82,James Garcia,male,61,"caring, energetic, practical, fun-loving",teacher," romantic movies,  action movies,  thriller movies",Chatter
83,David Garcia,male,53,"fun-loving, analytical, empathetic, caring, practical",artist," sci-fi movies,  documentaries,  classic movies,  comedy movies",Poster
84,Mary Taylor,male,58,"fun-loving, practical",artist, family-friendly movies,Explorer;Chatter
85,Robert Taylor,male,65,"ambitious, fun-loving",retired, classic movies,Watcher;Critic
86,Jane Jones,female,70,"patient, optimistic, adventurous, creative",artist," comedy movies,  sci-fi movies,  action movies,  documentaries,  romantic movies",Watcher;Critic;Poster
87,David Davis,male,52,"compassionate, energetic, caring, patient",student," action movies,  classic movies,  comedy movies",Watcher;Explorer;Chatter
88,Jane Jones,male,66,"fun-loving, caring, energetic, ambitious",scientist," documentaries,  action movies",Critic;Poster
89,Jane Jones,female,43,"meticulous, ambitious",writer," sci-fi movies,  action movies,  classic movies",Watcher;Critic;Poster
90,John Brown,male,61,"introspective, practical",teacher," classic movies,  thriller movies,  action movies,  comedy movies,  sci-fi movies",Watcher;Explorer;Chatter
91,Jane Davis,male,57,"meticulous, analytical, patient, practical",farmer, family-friendly movies,Watcher;Critic;Chatter
92,Emily Jones,female,23,"compassionate, ambitious, creative, practical",scientist," classic movies,  family-friendly movies,  documentaries,  romantic movies,  action movies",Explorer;Poster
93,John Jones,female,64,"energetic, meticulous, compassionate",retired," documentaries,  classic movies,  thriller movies,  action movies,  family-friendly movies",Critic;Chatter;Poster
94,Mary Smith,male,23,"creative, energetic, ambitious, fun-loving",entrepreneur," family-friendly movies,  thriller movies,  action movies,  classic movies",Watcher
95,John Davis,female,43,introspective,doctor," sci-fi movies,  classic movies,  comedy movies",Critic;Chatter;Poster
96,Emily Martinez,male,25,"introspective, ambitious, energetic, patient",scientist," documentaries,  romantic movies,  family-friendly movies,  action movies,  sci-fi movies",Critic;Chatter
97,John Jones,male,70,analytical,writer, romantic movies,Critic;Chatter
98,James Smith,female,62,"adventurous, outgoing, energetic, patient",doctor," comedy movies,  family-friendly movies,  romantic movies,  thriller movies",Explorer
99,Linda Smith,male,49,"introspective, analytical, ambitious",farmer," documentaries,  thriller movies,  romantic movies,  sci-fi movies",Watcher;Chatter
100,Michael Johnson,female,64,"empathetic, independent, practical, optimistic",farmer," romantic movies,  classic movies,  action movies",Watcher;Explorer;Poster
101,David Williams,male,47,"adventurous, energetic, compassionate, analytical, independent",student," sci-fi movies,  family-friendly movies,  romantic movies",Watcher
102,Michael Martinez,female,36,analytical,writer, sci-fi movies,Watcher;Explorer
103,Michael Smith,male,48,caring,teacher," romantic movies,  comedy movies,  family-friendly movies",Poster
104,David Brown,female,41,"fun-loving, energetic, introspective, optimistic, outgoing",farmer," action movies,  romantic movies,  classic movies,  thriller movies",Watcher;Explorer;Poster
105,Jane Garcia,male,42,"patient, caring",scientist," family-friendly movies,  documentaries",Critic;Chatter
106,Robert Johnson,female,68,"independent, meticulous, optimistic, ambitious",scientist," romantic movies,  family-friendly movies,  classic movies,  action movies,  comedy movies",Chatter
107,James Brown,male,43,"optimistic, practical, energetic, patient, independent",farmer," sci-fi movies,  family-friendly movies,  comedy movies",Watcher;Explorer;Poster
108,Mary Williams,male,54,caring,lawyer, comedy movies,Watcher;Explorer;Poster
109,David Smith,female,61,"creative, practical, fun-loving, meticulous, empathetic",retired," action movies,  sci-fi movies,  romantic movies",Poster
110,Robert Jones,male,26,"practical, caring",doctor," sci-fi movies,  romantic movies,  comedy movies,  thriller movies,  action movies",Poster
111,Robert Johnson,female,65,"independent, patient",farmer," action movies,  classic movies,  romantic movies,  sci-fi movies",Explorer;Critic;Chatter;Poster
112,Emily Williams,female,44,optimistic,entrepreneur," sci-fi movies,  thriller movies",Chatter
113,Robert Johnson,female,32,independent,lawyer," thriller movies,  classic movies,  sci-fi movies,  comedy movies",Watcher;Poster
114,Mary Martinez,female,25,"adventurous, compassionate, practical, analytical",scientist, comedy movies,Chatter;Poster
115,Jane Brown,female,25,"compassionate, caring, empathetic, ambitious, optimistic",entrepreneur," sci-fi movies,  documentaries,  classic movies",Poster
116,Michael Martinez,male,63,"introspective, optimistic",lawyer," sci-fi movies,  documentaries,  thriller movies,  classic movies,  romantic movies",Watcher;Chatter
117,Sarah Miller,female,50,caring,artist," thriller movies,  comedy movies,  action movies,  documentaries,  sci-fi movies",Critic;Poster
118,John Miller,male,27,"ambitious, caring, creative",doctor," documentaries,  romantic movies,  family-friendly movies",Watcher;Poster
119,Sarah Miller,female,35,analytical,entrepreneur," sci-fi movies,  documentaries,  family-friendly movies",Explorer;Critic
120,Jane Jones,male,43,"ambitious, introspective",doctor," action movies,  documentaries",Watcher;Critic;Poster
121,Robert Smith,male,25,creative,scientist," documentaries,  sci-fi movies,  thriller movies,  action movies",Watcher
122,Robert Miller,male,47,"empathetic, outgoing, caring, meticulous, creative",lawyer," romantic movies,  classic movies,  comedy movies,  family-friendly movies",Watcher;Critic
123,Linda Smith,female,24,"creative, meticulous, ambitious, empathetic",scientist," classic movies,  comedy movies",Watcher;Explorer;Chatter;Poster
124,Emily Brown,male,34,"caring, patient, practical",scientist," thriller movies,  romantic movies",Explorer
125,Sarah Williams,male,52,"compassionate, meticulous, caring, fun-loving",farmer, sci-fi movies,Watcher;Poster
126,Mary Martinez,female,22,"energetic, meticulous, ambitious, adventurous, compassionate",entrepreneur," action movies,  documentaries,  comedy movies",Watcher;Critic;Chatter
127,Sarah Taylor,female,40,"analytical, empathetic, ambitious",teacher," documentaries,  romantic movies,  thriller movies,  classic movies,  comedy movies",Watcher;Critic;Poster
128,Mary Johnson,male,47,"optimistic, adventurous, empathetic, fun-loving",engineer," family-friendly movies,  romantic movies,  comedy movies",Poster
129,John Smith,female,23,"caring, patient, adventurous, independent",teacher," action movies,  thriller movies,  romantic movies,  comedy movies",Explorer;Critic;Poster
130,Emily Brown,male,36,introspective,student," comedy movies,  romantic movies,  action movies,  thriller movies",Explorer;Critic
131,Jane Martinez,female,69,"caring, introspective, adventurous, independent, patient",lawyer, classic movies,Watcher;Explorer;Poster
132,James Jones,male,52,"ambitious, introspective, analytical",farmer," romantic movies,  sci-fi movies,  family-friendly movies",Watcher;Poster
133,James Martinez,female,29,outgoing,student," sci-fi movies,  documentaries,  family-friendly movies,  romantic movies,  classic movies",Critic;Chatter
134,Linda Garcia,male,53,optimistic,artist," family-friendly movies,  sci-fi movies,  comedy movies",Critic
135,James Martinez,male,39,"empathetic, compassionate, analytical",artist," documentaries,  romantic movies",Watcher;Chatter;Poster
136,James Martinez,female,44,"ambitious, outgoing",engineer," thriller movies,  family-friendly movies,  classic movies",Watcher;Chatter
137,Linda Davis,male,45,"introspective, meticulous",teacher, family-friendly movies,Watcher;Explorer;Critic;Chatter;Poster
138,Mary Smith,female,57,"ambitious, meticulous, compassionate, empathetic",retired, classic movies,Watcher;Critic
139,Michael Miller,male,63,"fun-loving, energetic, compassionate, adventurous, empathetic",entrepreneur, action movies,Watcher
140,Sarah Davis,female,41,fun-loving,entrepreneur," classic movies,  action movies",Watcher;Critic
141,Robert Jones,male,21,"energetic, empathetic",farmer," action movies,  documentaries,  romantic movies,  classic movies,  thriller movies",Watcher;Critic
142,Sarah Smith,female,69,"fun-loving, patient, outgoing, empathetic, caring",farmer, action movies,Explorer
143,Michael Johnson,male,32,practical,student," action movies,  comedy movies,  romantic movies,  documentaries",Watcher;Explorer
144,Michael Jones,female,27,"practical, empathetic",lawyer," sci-fi movies,  classic movies,  family-friendly movies,  thriller movies,  action movies",Critic;Poster
145,Mary Johnson,female,27,"meticulous, ambitious, caring, optimistic, empathetic",teacher, classic movies,Watcher;Critic;Poster
146,Michael Johnson,male,48,"patient, empathetic",scientist," thriller movies,  romantic movies",Watcher;Explorer;Poster
147,Mary Smith,female,33,"meticulous, compassionate, practical, energetic, ambitious",artist," action movies,  thriller movies,  family-friendly movies,  classic movies",Critic;Chatter;Poster
148,John Jones,female,61,"independent, fun-loving",doctor," action movies,  family-friendly movies",Watcher;Critic;Chatter
149,Emily Smith,female,38,"independent, creative, patient, empathetic, outgoing",doctor," comedy movies,  classic movies,  thriller movies,  action movies",Watcher;Poster
150,Emily Martinez,male,70,practical,student," romantic movies,  classic movies",Chatter
151,Jane Martinez,male,43,"caring, introspective, optimistic, patient",lawyer, classic movies,Poster
152,Emily Miller,male,48,"practical, energetic",scientist," comedy movies,  thriller movies,  sci-fi movies,  action movies,  romantic movies",Poster
153,Michael Davis,female,47,"introspective, ambitious, energetic, practical",scientist," romantic movies,  thriller movies,  sci-fi movies",Chatter
154,Mary Miller,female,47,"meticulous, patient",lawyer," classic movies,  comedy movies,  romantic movies",Critic;Poster
155,David Taylor,male,50,"energetic, compassionate, patient, outgoing",writer," classic movies,  family-friendly movies",Watcher;Explorer;Poster
156,Mary Johnson,male,54,"ambitious, compassionate",farmer," classic movies,  family-friendly movies,  thriller movies",Watcher;Poster
157,Jane Davis,female,55,"outgoing, independent",teacher, comedy movies,Watcher;Critic;Chatter;Poster
158,David Williams,male,62,"introspective, fun-loving",student," romantic movies,  documentaries,  sci-fi movies,  comedy movies,  family-friendly movies",Watcher;Chatter
159,Sarah Jones,female,66,"energetic, creative, optimistic",lawyer," family-friendly movies,  sci-fi movies,  documentaries,  thriller movies",Chatter
160,David Taylor,male,51,"energetic, caring, introspective",doctor," documentaries,  family-friendly movies,  comedy movies,  romantic movies,  classic movies",Watcher;Chatter
161,Mary Williams,female,63,"independent, compassionate, creative",artist," action movies,  comedy movies,  thriller movies",Watcher;Explorer
162,John Williams,male,47,"meticulous, empathetic, optimistic, ambitious, caring",engineer," thriller movies,  classic movies,  action movies,  romantic movies",Explorer
163,John Smith,male,34,"empathetic, practical, optimistic",teacher," comedy movies,  action movies,  classic movies",Chatter
164,Linda Johnson,female,32,"independent, patient, adventurous, analytical, ambitious",student, family-friendly movies,Watcher;Explorer
165,Michael Davis,male,70,"creative, outgoing, energetic",lawyer," sci-fi movies,  comedy movies",Watcher
166,David Davis,female,67,"practical, introspective, meticulous, patient",writer, sci-fi movies,Chatter
167,Emily Garcia,female,49,"adventurous, analytical",writer," comedy movies,  romantic movies,  family-friendly movies",Watcher;Critic;Chatter
168,John Davis,male,38,"optimistic, ambitious",lawyer, thriller movies,Explorer;Chatter
169,Jane Brown,female,53,fun-loving,writer," classic movies,  romantic movies,  action movies,  thriller movies",Critic
170,James Williams,male,49,"caring, practical",lawyer," comedy movies,  thriller movies,  classic movies,  family-friendly movies",Explorer;Critic
171,Linda Taylor,female,69,"optimistic, fun-loving",farmer," documentaries,  action movies,  classic movies",Watcher
172,Sarah Williams,female,54,"creative, adventurous",artist," romantic movies,  action movies",Watcher
173,Michael Garcia,female,23,"empathetic, compassionate",writer," romantic movies,  documentaries,  action movies,  classic movies,  family-friendly movies",Watcher;Poster
174,Mary Smith,male,53,"analytical, independent, ambitious",teacher," action movies,  documentaries,  thriller movies,  classic movies",Poster
175,Michael Miller,male,39,"optimistic, caring, outgoing",farmer," classic movies,  romantic movies,  comedy movies,  family-friendly movies,  sci-fi movies",Explorer
176,David Taylor,female,42,"patient, creative",lawyer," classic movies,  thriller movies",Watcher;Chatter
177,Jane Taylor,male,32,"patient, introspective, practical, outgoing",farmer," romantic movies,  classic movies,  action movies,  documentaries,  comedy movies",Watcher;Explorer;Critic;Poster
178,Robert Miller,female,48,patient,engineer," romantic movies,  thriller movies,  classic movies",Watcher;Chatter
179,John Smith,male,45,"analytical, adventurous, caring, independent",entrepreneur, sci-fi movies,Watcher;Explorer;Critic;Poster
180,John Johnson,male,69,"patient, fun-loving",artist," thriller movies,  family-friendly movies,  romantic movies,  action movies,  sci-fi movies",Watcher;Chatter
181,Emily Miller,female,49,"ambitious, empathetic, analytical",artist," romantic movies,  classic movies,  comedy movies,  documentaries,  thriller movies",Watcher;Chatter
182,Mary Jones,male,22,"energetic, fun-loving",teacher, comedy movies,Poster
183,Jane Garcia,female,46,energetic,student," comedy movies,  sci-fi movies,  documentaries,  romantic movies",Explorer;Chatter
184,Michael Davis,male,63,"adventurous, introspective, energetic",engineer," sci-fi movies,  classic movies,  romantic movies,  documentaries,  family-friendly movies",Watcher;Critic;Poster
185,James Williams,female,28,"caring, adventurous, compassionate",doctor," documentaries,  action movies,  family-friendly movies,  thriller movies,  sci-fi movies",Watcher
186,Robert Brown,female,29,meticulous,scientist, action movies,Watcher;Explorer;Critic;Chatter;Poster
187,David Smith,male,30,"fun-loving, caring, optimistic, creative, adventurous",scientist," thriller movies,  action movies,  classic movies",Watcher;Explorer
188,David Jones,female,50,"empathetic, patient, meticulous",retired," classic movies,  family-friendly movies",Chatter
189,Jane Smith,male,24,"empathetic, analytical",doctor," classic movies,  comedy movies,  action movies,  sci-fi movies",Critic;Chatter;Poster
190,Mary Jones,female,49,"fun-loving, introspective, practical",writer," action movies,  romantic movies,  sci-fi movies,  classic movies,  thriller movies",Watcher;Poster
191,Mary Taylor,male,65,caring,retired," documentaries,  sci-fi movies",Watcher
192,James Miller,female,70,"caring, fun-loving, compassionate",scientist," romantic movies,  classic movies,  family-friendly movies,  action movies,  comedy movies",Critic
193,Mary Davis,female,32,practical,lawyer," sci-fi movies,  romantic movies,  documentaries,  family-friendly movies",Watcher;Poster
194,James Martinez,male,29,"meticulous, adventurous",farmer," documentaries,  action movies,  romantic movies",Watcher;Explorer
195,John Brown,female,56,outgoing,teacher," action movies,  romantic movies,  family-friendly movies,  documentaries,  sci-fi movies",Watcher;Poster
196,David Brown,male,55,"adventurous, introspective, meticulous, ambitious",scientist, family-friendly movies,Watcher;Poster
197,Mary Johnson,female,33,"patient, ambitious",teacher," family-friendly movies,  comedy movies,  thriller movies",Critic;Chatter
198,Sarah Brown,male,50,adventurous,retired, romantic movies,Critic
199,Linda Miller,female,36,"caring, ambitious, patient, empathetic",doctor," family-friendly movies,  comedy movies,  action movies,  sci-fi movies",Watcher;Explorer;Chatter
200,Sarah Davis,female,38,"energetic, ambitious",artist," action movies,  sci-fi movies,  comedy movies,  classic movies,  romantic movies",Watcher;Poster
201,Jane Smith,male,46,"energetic, practical, ambitious, compassionate",student," thriller movies,  documentaries,  romantic movies,  action movies",Critic;Poster
202,James Johnson,female,65,outgoing,retired," romantic movies,  classic movies,  comedy movies,  sci-fi movies,  family-friendly movies",Poster
203,Linda Garcia,male,20,energetic,farmer," documentaries,  comedy movies,  classic movies,  sci-fi movies,  family-friendly movies",Poster
204,Linda Taylor,female,47,energetic,artist," action movies,  classic movies,  thriller movies",Poster
205,Robert Martinez,male,58,"outgoing, independent, ambitious",teacher," action movies,  classic movies,  documentaries,  comedy movies",Watcher;Critic
206,Linda Garcia,female,26,"ambitious, compassionate, independent, creative, practical",student, sci-fi movies,Watcher;Critic;Chatter;Poster
207,Michael Jones,male,67,optimistic,doctor," sci-fi movies,  classic movies,  family-friendly movies,  documentaries,  thriller movies",Watcher;Explorer;Poster
208,James Garcia,female,62,"compassionate, independent",farmer," classic movies,  action movies,  comedy movies,  sci-fi movies",Watcher;Explorer;Critic
209,Jane Miller,male,43,analytical,doctor," documentaries,  thriller movies,  sci-fi movies,  classic movies,  comedy movies",Explorer;Critic
210,Linda Taylor,female,60,"caring, creative, outgoing, patient, practical",farmer," comedy movies,  romantic movies",Critic;Poster
211,John Williams,male,36,"analytical, fun-loving, energetic, outgoing, patient",farmer," action movies,  comedy movies",Watcher;Explorer;Chatter;Poster
212,Sarah Miller,male,55,"empathetic, introspective",student," action movies,  classic movies,  romantic movies,  thriller movies,  sci-fi movies",Watcher;Critic;Poster
213,Linda Johnson,female,24,"fun-loving, caring, creative, meticulous, analytical",teacher," documentaries,  comedy movies",Poster
214,Linda Garcia,male,42,outgoing,writer," family-friendly movies,  sci-fi movies,  thriller movies",Watcher;Critic
215,Mary Jones,female,70,"compassionate, independent, practical, patient, analytical",artist," action movies,  thriller movies,  comedy movies,  sci-fi movies,  romantic movies",Watcher;Critic
216,Robert Williams,female,62,empathetic,teacher," action movies,  family-friendly movies,  thriller movies",Watcher;Explorer;Critic;Poster
217,James Davis,male,52,creative,farmer, classic movies,Explorer;Critic
218,Sarah Johnson,female,26,"analytical, creative, optimistic, ambitious, adventurous",doctor," action movies,  documentaries,  family-friendly movies,  classic movies,  romantic movies",Chatter
219,Emily Williams,male,64,"caring, creative",farmer," romantic movies,  thriller movies,  sci-fi movies,  comedy movies,  action movies",Explorer;Critic;Poster
220,Emily Jones,female,38,"outgoing, empathetic",lawyer," comedy movies,  documentaries",Watcher;Explorer
221,Mary Williams,female,67,"energetic, optimistic, compassionate, analytical, fun-loving",retired," classic movies,  action movies,  sci-fi movies",Watcher;Explorer;Chatter
222,David Smith,male,36,"fun-loving, analytical, empathetic",doctor," sci-fi movies,  action movies,  comedy movies,  documentaries",Critic
223,Jane Miller,female,39,meticulous,farmer," action movies,  thriller movies,  comedy movies",Watcher;Critic
224,Emily Johnson,female,57,practical,lawyer," romantic movies,  documentaries",Watcher;Explorer;Critic;Poster
225,Robert Davis,male,48,"empathetic, independent, introspective, practical",farmer," comedy movies,  family-friendly movies",Watcher;Chatter;Poster
226,Linda Miller,female,59,"adventurous, empathetic, outgoing",lawyer," romantic movies,  action movies,  thriller movies,  documentaries",Watcher;Explorer;Poster
227,Linda Martinez,male,41,"fun-loving, outgoing, adventurous, patient",retired, comedy movies,Chatter
228,Emily Jones,female,41,"empathetic, outgoing, energetic, adventurous",scientist, romantic movies,Explorer;Chatter;Poster
229,John Smith,male,59,"caring, energetic, introspective, fun-loving",writer," comedy movies,  romantic movies",Watcher;Chatter;Poster
230,Michael Miller,male,36,"ambitious, meticulous, fun-loving, empathetic",student, romantic movies,Watcher
231,Jane Jones,female,46,practical,writer," classic movies,  documentaries,  action movies,  romantic movies,  comedy movies",Explorer;Poster
232,Emily Brown,male,36,"independent, ambitious, introspective",engineer, romantic movies,Watcher
233,Robert Johnson,male,42,"ambitious, fun-loving",student," romantic movies,  documentaries,  action movies,  comedy movies,  thriller movies",Watcher;Poster
234,Sarah Martinez,female,27,"fun-loving, adventurous, meticulous",student," classic movies,  documentaries,  action movies,  sci-fi movies",Watcher
235,Sarah Jones,male,58,"ambitious, independent",doctor," romantic movies,  classic movies,  sci-fi movies,  thriller movies",Watcher;Poster
236,Jane Martinez,female,58,"outgoing, analytical",writer," thriller movies,  classic movies,  documentaries,  romantic movies,  comedy movies",Watcher;Critic
237,James Williams,male,53,"energetic, analytical",student, comedy movies,Watcher;Critic
238,Emily Taylor,female,26,"optimistic, empathetic, independent",artist," family-friendly movies,  documentaries",Watcher;Explorer;Chatter;Poster
239,James Davis,female,35,"energetic, empathetic, meticulous, compassionate, creative",teacher," action movies,  classic movies,  romantic movies,  documentaries",Watcher;Chatter
240,James Johnson,male,51,"empathetic, fun-loving, outgoing, creative, optimistic",farmer," romantic movies,  action movies,  classic movies",Watcher;Explorer;Critic;Chatter;Poster
241,Mary Smith,female,34,creative,scientist, classic movies,Watcher
242,John Davis,male,59,compassionate,artist," family-friendly movies,  thriller movies,  romantic movies,  comedy movies",Critic;Poster
243,Jane Jones,female,54,"patient, ambitious",teacher," action movies,  sci-fi movies,  comedy movies,  family-friendly movies",Watcher;Critic
244,Robert Brown,male,39,"patient, analytical, optimistic, introspective",entrepreneur," sci-fi movies,  family-friendly movies,  action movies",Watcher;Explorer
245,Emily Smith,female,60,"optimistic, meticulous, independent, energetic, practical",farmer, documentaries,Watcher;Critic;Chatter
246,Michael Jones,male,28,"empathetic, patient",entrepreneur," romantic movies,  classic movies",Explorer;Chatter
247,John Brown,female,54,"patient, outgoing",retired," classic movies,  thriller movies,  romantic movies",Explorer;Chatter;Poster
248,Robert Brown,male,64,"fun-loving, analytical",retired," sci-fi movies,  thriller movies,  romantic movies,  action movies",Explorer
249,Sarah Garcia,female,39,"meticulous, compassionate, creative, independent",entrepreneur," comedy movies,  action movies,  documentaries,  classic movies,  sci-fi movies",Explorer
250,James Davis,female,53,"analytical, introspective",writer, sci-fi movies,Critic;Chatter
251,Linda Garcia,male,61,"optimistic, compassionate, fun-loving, adventurous",writer," action movies,  family-friendly movies,  thriller movies,  comedy movies",Watcher;Poster
252,Robert Smith,female,29,"ambitious, independent, optimistic, empathetic, introspective",doctor," action movies,  thriller movies",Explorer;Poster
253,James Miller,male,36,caring,teacher," action movies,  comedy movies,  romantic movies,  documentaries,  thriller movies",Watcher;Poster
254,David Davis,male,66,analytical,doctor," classic movies,  documentaries",Chatter
255,John Smith,female,41,"caring, outgoing, creative",writer," classic movies,  documentaries,  romantic movies,  comedy movies,  action movies",Watcher
256,Jane Williams,male,65,"energetic, adventurous, meticulous",teacher, action movies,Watcher;Explorer
257,Emily Garcia,male,35,"energetic, independent, adventurous",retired," classic movies,  sci-fi movies,  thriller movies,  documentaries,  comedy movies",Watcher;Critic
258,Sarah Johnson,male,51,practical,lawyer," documentaries,  comedy movies,  family-friendly movies,  thriller movies,  classic movies",Critic;Poster
259,Michael Brown,female,52,"patient, energetic, meticulous, independent",lawyer," sci-fi movies,  romantic movies,  comedy movies,  family-friendly movies,  action movies",Critic;Poster
260,Emily Johnson,male,45,caring,retired," romantic movies,  comedy movies,  action movies,  classic movies,  sci-fi movies",Watcher;Critic;Poster
261,Sarah Williams,female,30,fun-loving,engineer," classic movies,  action movies,  sci-fi movies,  thriller movies,  comedy movies",Watcher;Explorer;Critic;Poster
262,Robert Taylor,male,64,"analytical, practical, patient, meticulous",lawyer," family-friendly movies,  documentaries,  thriller movies,  classic movies,  sci-fi movies",Critic
263,John Martinez,male,68,"energetic, practical, compassionate, fun-loving, empathetic",artist, action movies,Explorer
264,David Jones,female,40,"compassionate, analytical, outgoing",doctor," sci-fi movies,  thriller movies,  documentaries,  classic movies,  action movies",Poster
265,David Johnson,female,62,"outgoing, empathetic",writer," classic movies,  sci-fi movies,  family-friendly movies,  romantic movies",Watcher
266,Emily Taylor,male,51,adventurous,entrepreneur, romantic movies,Poster
267,Linda Smith,female,29,"outgoing, practical, optimistic",teacher," documentaries,  comedy movies,  romantic movies,  classic movies",Watcher;Explorer
268,John Brown,female,34,"practical, independent, meticulous",writer," classic movies,  family-friendly movies,  sci-fi movies,  documentaries",Watcher
269,Linda Taylor,male,25,fun-loving,lawyer," sci-fi movies,  family-friendly movies",Watcher;Explorer;Chatter
270,Robert Taylor,female,45,"practical, ambitious",scientist," family-friendly movies,  documentaries,  comedy movies,  romantic movies,  thriller movies",Watcher;Critic
271,John Smith,male,23,"patient, energetic, fun-loving, optimistic, practical",doctor," classic movies,  comedy movies,  romantic movies",Chatter
272,Jane Taylor,male,38,"analytical, practical, patient",artist," action movies,  documentaries,  classic movies,  family-friendly movies,  romantic movies",Critic;Chatter
273,Linda Miller,female,50,"independent, meticulous, ambitious, introspective, analytical",writer," documentaries,  family-friendly movies,  thriller movies,  comedy movies",Watcher;Poster
274,Mary Williams,male,38,creative,student," documentaries,  classic movies,  sci-fi movies",Chatter
275,Emily Taylor,male,55,"optimistic, fun-loving, creative, meticulous, caring",student," classic movies,  action movies",Critic;Chatter
276,Robert Davis,male,34,"compassionate, optimistic, adventurous, patient",writer," romantic movies,  family-friendly movies,  sci-fi movies,  documentaries",Explorer;Poster
277,Emily Martinez,male,38,"independent, analytical",student," comedy movies,  romantic movies,  action movies",Explorer;Critic
278,Robert Jones,female,21,"creative, fun-loving",lawyer," action movies,  comedy movies,  thriller movies,  documentaries,  family-friendly movies",Chatter
279,James Smith,male,41,"empathetic, compassionate, analytical, introspective",lawyer," romantic movies,  action movies",Watcher;Critic;Poster
280,Robert Davis,female,57,"energetic, adventurous, practical, analytical, patient",writer," action movies,  romantic movies,  documentaries,  family-friendly movies,  thriller movies",Critic;Chatter
281,John Taylor,male,47,"compassionate, patient, empathetic, energetic",scientist," thriller movies,  sci-fi movies,  action movies,  classic movies,  comedy movies",Explorer;Chatter;Poster
282,Linda Smith,male,52,"analytical, compassionate, empathetic, patient, fun-loving",student," romantic movies,  thriller movies,  classic movies",Critic;Poster
283,Mary Smith,male,24,"optimistic, practical, meticulous, adventurous, caring",artist," documentaries,  family-friendly movies,  comedy movies",Explorer;Poster
284,Mary Garcia,male,46,"fun-loving, empathetic, optimistic",teacher, comedy movies,Watcher;Explorer
285,Michael Davis,female,48,"outgoing, compassionate",doctor, action movies,Watcher;Poster
286,Linda Taylor,male,37,"optimistic, creative, compassionate, adventurous",entrepreneur," documentaries,  action movies,  romantic movies,  sci-fi movies,  thriller movies",Watcher;Critic;Poster
287,James Williams,female,26,"analytical, independent, adventurous",student," documentaries,  family-friendly movies,  comedy movies,  thriller movies",Watcher
288,James Taylor,male,25,"energetic, introspective",writer," sci-fi movies,  documentaries,  action movies,  classic movies,  romantic movies",Explorer;Chatter
289,Michael Jones,male,66,"ambitious, analytical",engineer," sci-fi movies,  classic movies,  thriller movies,  romantic movies,  action movies",Watcher;Explorer
290,Robert Brown,male,33,"patient, fun-loving, empathetic, analytical, adventurous",entrepreneur," comedy movies,  documentaries,  family-friendly movies,  sci-fi movies",Watcher;Critic
291,Linda Garcia,female,67,practical,writer," romantic movies,  thriller movies,  sci-fi movies",Explorer;Critic;Chatter
292,Robert Johnson,male,51,energetic,teacher, sci-fi movies,Watcher;Critic
293,James Taylor,female,48,"caring, ambitious, compassionate, empathetic, patient",engineer," classic movies,  documentaries,  thriller movies,  comedy movies,  romantic movies",Watcher
294,John Martinez,female,60,"practical, meticulous, outgoing, analytical",retired," classic movies,  family-friendly movies,  action movies,  romantic movies",Explorer;Chatter
295,Robert Miller,male,45,optimistic,writer," documentaries,  thriller movies,  romantic movies,  family-friendly movies",Explorer;Critic;Poster
296,John Brown,male,39,"outgoing, fun-loving",teacher," family-friendly movies,  thriller movies,  sci-fi movies,  comedy movies",Chatter;Poster
297,John Smith,female,32,"creative, practical, introspective, fun-loving",teacher," action movies,  thriller movies",Watcher;Critic;Poster
298,David Miller,male,69,"ambitious, outgoing, patient",doctor, comedy movies,Watcher;Explorer
299,Linda Martinez,male,59,"ambitious, empathetic, analytical, creative",farmer," thriller movies,  comedy movies,  sci-fi movies",Watcher;Critic;Chatter;Poster
300,Robert Miller,male,45,"caring, outgoing, meticulous, introspective",retired," action movies,  family-friendly movies",Explorer;Chatter
301,Robert Garcia,female,50,"creative, fun-loving, meticulous",lawyer," action movies,  comedy movies,  romantic movies,  thriller movies",Critic
302,Jane Jones,male,49,"patient, outgoing, compassionate, introspective, ambitious",doctor," classic movies,  action movies,  documentaries,  sci-fi movies,  thriller movies",Watcher;Poster
303,David Jones,female,49,"energetic, introspective, compassionate, meticulous",teacher," comedy movies,  documentaries",Watcher;Critic;Poster
304,John Smith,male,37,"meticulous, fun-loving, creative, energetic, independent",retired," thriller movies,  romantic movies,  action movies",Poster
305,John Martinez,female,54,analytical,engineer," classic movies,  documentaries,  comedy movies",Watcher;Explorer;Poster
306,Mary Taylor,male,51,"energetic, compassionate",teacher," family-friendly movies,  classic movies,  romantic movies,  documentaries",Chatter
307,Robert Williams,male,29,"patient, creative, adventurous, introspective, optimistic",engineer," romantic movies,  documentaries,  action movies,  classic movies,  thriller movies",Poster
308,James Smith,female,26,"outgoing, energetic, empathetic",lawyer," comedy movies,  family-friendly movies,  documentaries,  action movies",Watcher;Critic
309,John Williams,male,50,"creative, empathetic, analytical",farmer," family-friendly movies,  comedy movies,  action movies,  romantic movies",Watcher;Explorer
310,James Williams,female,38,meticulous,student, classic movies,Explorer;Chatter
311,Sarah Martinez,male,58,"adventurous, introspective, independent",farmer, sci-fi movies,Explorer;Poster
312,Emily Miller,female,23,"caring, adventurous",entrepreneur," romantic movies,  comedy movies,  action movies,  thriller movies",Chatter
313,Jane Martinez,male,55,"caring, energetic, adventurous, analytical",scientist," action movies,  documentaries,  thriller movies",Explorer;Chatter
314,Jane Brown,female,50,fun-loving,engineer," comedy movies,  documentaries,  action movies",Critic
315,Sarah Williams,female,41,"empathetic, ambitious, caring, introspective, analytical",teacher," classic movies,  romantic movies",Watcher
316,Michael Taylor,male,22,"creative, fun-loving, adventurous, practical, empathetic",farmer," documentaries,  comedy movies",Critic
317,Mary Martinez,female,41,compassionate,student," family-friendly movies,  sci-fi movies,  romantic movies,  classic movies",Watcher
318,Emily Brown,male,24,"fun-loving, analytical, caring, introspective",farmer," classic movies,  documentaries,  comedy movies,  sci-fi movies",Critic;Chatter
319,Linda Garcia,female,27,"outgoing, adventurous",entrepreneur," sci-fi movies,  action movies",Watcher;Critic;Poster
320,Jane Smith,male,29,independent,teacher," sci-fi movies,  comedy movies,  family-friendly movies",Poster
321,Robert Jones,male,32,"caring, fun-loving, meticulous, compassionate",artist," action movies,  thriller movies,  classic movies,  family-friendly movies",Watcher;Chatter
322,Jane Johnson,male,37,"meticulous, adventurous, practical",engineer," family-friendly movies,  classic movies,  action movies,  comedy movies,  thriller movies",Watcher;Explorer
323,Jane Brown,female,39,"caring, energetic, creative, introspective",student," documentaries,  action movies,  comedy movies,  thriller movies",Explorer;Critic;Poster
324,Jane Brown,male,68,analytical,lawyer, action movies,Critic
325,John Jones,female,63,adventurous,writer," documentaries,  classic movies,  romantic movies,  thriller movies",Poster
326,Robert Garcia,male,44,"outgoing, compassionate",farmer," documentaries,  family-friendly movies,  classic movies,  action movies,  romantic movies",Explorer;Critic
327,David Taylor,male,54,"fun-loving, patient",farmer," comedy movies,  action movies,  romantic movies,  family-friendly movies,  classic movies",Watcher;Poster
328,James Garcia,male,58,"optimistic, introspective, adventurous, caring",writer," sci-fi movies,  classic movies",Chatter
329,Linda Johnson,female,39,outgoing,entrepreneur, family-friendly movies,Watcher;Poster
330,Mary Martinez,male,32,compassionate,scientist," classic movies,  romantic movies,  thriller movies,  sci-fi movies",Watcher
331,Michael Smith,female,65,"empathetic, outgoing",teacher," comedy movies,  romantic movies",Chatter
332,Linda Williams,female,42,"caring, ambitious, creative, fun-loving",artist, classic movies,Watcher;Poster
333,Robert Johnson,male,54,"optimistic, introspective",entrepreneur," comedy movies,  documentaries,  family-friendly movies,  classic movies,  thriller movies",Watcher;Critic
334,David Jones,male,43,"introspective, energetic, fun-loving, independent",engineer," action movies,  romantic movies",Watcher
335,James Davis,female,55,"practical, energetic, ambitious",writer," family-friendly movies,  thriller movies,  classic movies",Watcher;Critic;Chatter
336,John Garcia,male,51,"meticulous, creative, outgoing",doctor," romantic movies,  family-friendly movies,  sci-fi movies,  comedy movies,  classic movies",Watcher;Poster
337,Michael Taylor,female,41,"fun-loving, ambitious",teacher, classic movies,Critic
338,Robert Brown,female,52,"fun-loving, creative, analytical",retired," romantic movies,  documentaries,  thriller movies,  classic movies",Poster
339,Jane Davis,male,49,independent,writer," action movies,  family-friendly movies,  romantic movies,  comedy movies",Watcher;Explorer;Chatter
340,John Smith,female,33,"independent, practical, creative",engineer, classic movies,Poster
341,Robert Brown,female,57,"practical, adventurous",teacher, thriller movies,Watcher;Explorer;Poster
342,Sarah Jones,male,70,"outgoing, analytical, meticulous, caring, practical",doctor, comedy movies,Watcher
343,Michael Brown,male,36,"caring, patient",doctor," documentaries,  thriller movies",Watcher;Explorer
344,David Martinez,female,40,"creative, caring, independent",entrepreneur," family-friendly movies,  action movies,  comedy movies,  sci-fi movies",Chatter;Poster
345,Michael Miller,male,20,"adventurous, energetic",doctor," documentaries,  thriller movies,  action movies,  family-friendly movies",Explorer;Critic
346,David Davis,female,64,"fun-loving, patient, adventurous, practical, optimistic",retired, classic movies,Watcher;Critic;Poster
347,James Garcia,male,39,"creative, energetic",student," comedy movies,  family-friendly movies",Explorer;Critic;Chatter
348,John Brown,female,67,"compassionate, meticulous",farmer, sci-fi movies,Watcher;Critic;Chatter
349,John Johnson,male,33,"creative, introspective, energetic",engineer," classic movies,  sci-fi movies,  comedy movies,  documentaries,  action movies",Watcher
350,Emily Davis,female,50,"independent, practical, creative, outgoing",farmer," action movies,  romantic movies,  thriller movies,  classic movies",Watcher;Chatter
351,Mary Williams,male,29,"outgoing, analytical",engineer," comedy movies,  thriller movies,  romantic movies,  classic movies",Explorer
352,Michael Smith,female,45,caring,doctor," thriller movies,  action movies,  classic movies,  sci-fi movies",Explorer;Chatter;Poster
353,Michael Brown,male,21,"caring, outgoing",lawyer," thriller movies,  family-friendly movies",Watcher;Chatter
354,John Jones,female,33,optimistic,lawyer," family-friendly movies,  sci-fi movies,  classic movies,  action movies,  romantic movies",Critic;Poster
355,Linda Garcia,male,56,"introspective, fun-loving",artist," romantic movies,  sci-fi movies,  thriller movies",Critic;Chatter
356,Emily Martinez,female,39,compassionate,teacher, action movies,Watcher;Poster
357,Jane Garcia,male,42,introspective,engineer," documentaries,  family-friendly movies",Watcher;Explorer;Critic
358,Jane Brown,female,24,"creative, meticulous, practical, introspective, patient",artist," thriller movies,  classic movies,  family-friendly movies,  romantic movies,  sci-fi movies",Chatter
359,Jane Miller,male,28,"outgoing, optimistic, caring, practical",writer, documentaries,Poster
360,Emily Brown,male,41,"ambitious, energetic",engineer," documentaries,  family-friendly movies,  thriller movies",Critic;Poster
361,Emily Smith,female,25,"patient, analytical, meticulous, compassionate",writer, documentaries,Explorer;Critic
362,Emily Taylor,male,33,"fun-loving, adventurous, independent, patient, optimistic",doctor," thriller movies,  romantic movies,  classic movies,  family-friendly movies,  documentaries",Explorer
363,Emily Martinez,male,64,"ambitious, empathetic, compassionate, adventurous",farmer," romantic movies,  documentaries,  action movies",Chatter
364,Linda Martinez,male,58,caring,doctor," action movies,  romantic movies",Critic;Poster
365,Michael Johnson,male,42,"patient, caring, compassionate",student, action movies,Watcher;Explorer;Critic;Poster
366,John Smith,male,67,"ambitious, patient, fun-loving, caring",writer," classic movies,  comedy movies,  action movies,  thriller movies",Explorer
367,Michael Williams,female,47,"optimistic, outgoing, empathetic, practical, energetic",retired," classic movies,  family-friendly movies,  action movies,  documentaries,  sci-fi movies",Watcher;Critic
368,Sarah Jones,male,65,"creative, ambitious, adventurous, introspective, analytical",teacher," romantic movies,  comedy movies,  documentaries,  classic movies",Watcher;Chatter
369,Sarah Davis,female,51,"ambitious, optimistic",engineer, classic movies,Watcher;Explorer;Poster
370,Michael Garcia,male,65,"optimistic, ambitious, patient, compassionate, adventurous",farmer," comedy movies,  sci-fi movies,  romantic movies,  thriller movies,  classic movies",Watcher;Critic
371,John Martinez,female,39,"fun-loving, introspective, meticulous",farmer," documentaries,  sci-fi movies,  romantic movies,  action movies",Explorer;Chatter
372,Emily Brown,male,28,"practical, analytical",lawyer," action movies,  classic movies",Watcher;Explorer
373,Robert Martinez,female,56,"independent, optimistic, empathetic",artist," comedy movies,  classic movies,  action movies,  romantic movies,  documentaries",Poster
374,Michael Martinez,female,31,outgoing,engineer," romantic movies,  action movies",Explorer;Poster
375,Emily Smith,male,55,"adventurous, caring, practical",student," comedy movies,  romantic movies,  action movies,  sci-fi movies,  classic movies",Critic
376,James Williams,female,41,"independent, introspective",artist, documentaries,Watcher
377,Sarah Johnson,male,22,"fun-loving, introspective, caring",doctor, documentaries,Explorer;Critic
378,Robert Brown,female,58,"creative, patient",doctor," thriller movies,  sci-fi movies",Watcher;Explorer;Critic
379,John Johnson,female,39,"ambitious, introspective, fun-loving",student," documentaries,  sci-fi movies",Explorer
380,James Davis,female,47,"adventurous, independent, outgoing, optimistic",engineer," family-friendly movies,  documentaries,  sci-fi movies,  action movies,  comedy movies",Watcher;Chatter
381,Jane Martinez,male,23,"empathetic, adventurous, patient, meticulous",lawyer," documentaries,  family-friendly movies,  classic movies,  thriller movies,  comedy movies",Poster
382,James Davis,female,26,compassionate,doctor," documentaries,  romantic movies,  action movies",Poster
383,Linda Jones,female,53,"fun-loving, compassionate, creative, empathetic",farmer," family-friendly movies,  documentaries",Chatter;Poster
384,Sarah Johnson,male,70,"creative, meticulous, ambitious",artist," comedy movies,  action movies,  sci-fi movies,  family-friendly movies",Watcher;Explorer;Critic;Poster
385,Jane Taylor,female,22,"optimistic, creative, compassionate",artist," action movies,  documentaries",Explorer;Poster
386,Michael Martinez,male,42,"compassionate, ambitious, independent, optimistic, energetic",teacher," comedy movies,  action movies,  family-friendly movies",Chatter
387,James Smith,female,70,"adventurous, energetic, ambitious, creative, compassionate",lawyer, family-friendly movies,Explorer;Chatter
388,Jane Martinez,female,22,analytical,student, action movies,Watcher
389,Linda Garcia,female,56,"creative, fun-loving",scientist," documentaries,  action movies,  thriller movies,  comedy movies",Watcher;Explorer
390,Sarah Johnson,male,52,"introspective, patient, creative",scientist," comedy movies,  romantic movies,  documentaries,  sci-fi movies,  thriller movies",Explorer;Poster
391,Michael Brown,male,35,"fun-loving, practical, compassionate, optimistic, outgoing",writer," romantic movies,  classic movies,  sci-fi movies",Explorer;Critic
392,Emily Taylor,male,44,"introspective, compassionate",scientist," sci-fi movies,  thriller movies,  comedy movies,  romantic movies",Watcher;Critic;Poster
393,Mary Smith,male,69,"empathetic, creative, patient, adventurous",student," family-friendly movies,  action movies,  thriller movies,  romantic movies",Chatter
394,Linda Williams,female,53,independent,student," sci-fi movies,  romantic movies,  thriller movies",Chatter
395,John Taylor,female,25,caring,student, family-friendly movies,Watcher;Explorer;Poster
396,John Brown,male,46,"optimistic, creative, ambitious, analytical, compassionate",artist," family-friendly movies,  documentaries,  action movies,  sci-fi movies",Watcher;Explorer;Poster
397,James Smith,female,32,"caring, empathetic, adventurous, practical, independent",teacher," classic movies,  thriller movies",Watcher;Explorer;Poster
398,David Williams,male,28,"compassionate, creative",entrepreneur, action movies,Watcher;Explorer;Critic;Chatter;Poster
399,Robert Miller,female,62,"outgoing, caring, introspective, energetic",farmer," sci-fi movies,  action movies,  classic movies,  comedy movies,  romantic movies",Critic;Chatter
400,Sarah Johnson,male,21,"analytical, optimistic, patient, ambitious",student," action movies,  romantic movies",Watcher;Explorer;Chatter;Poster
401,Sarah Johnson,female,42,"practical, optimistic, independent, outgoing, empathetic",entrepreneur, comedy movies,Watcher
402,James Williams,male,63,creative,entrepreneur," romantic movies,  comedy movies,  classic movies,  thriller movies,  family-friendly movies",Critic;Chatter
403,James Martinez,female,68,"compassionate, introspective",teacher," thriller movies,  romantic movies,  documentaries",Chatter
404,James Garcia,male,69,"independent, caring, practical",lawyer," thriller movies,  documentaries,  romantic movies",Critic;Chatter
405,David Brown,female,36,"fun-loving, independent, outgoing, optimistic, energetic",lawyer," family-friendly movies,  thriller movies,  sci-fi movies,  action movies",Critic;Poster
406,Sarah Jones,male,40,"meticulous, fun-loving, energetic, caring",retired," family-friendly movies,  romantic movies,  classic movies,  sci-fi movies",Watcher;Explorer;Poster
407,Sarah Davis,female,70,"meticulous, ambitious, practical, outgoing",teacher," family-friendly movies,  action movies,  documentaries",Watcher;Poster
408,Robert Taylor,male,38,"adventurous, caring, energetic, empathetic, fun-loving",lawyer," documentaries,  classic movies,  romantic movies",Watcher;Explorer;Chatter;Poster
409,David Taylor,female,54,"compassionate, empathetic, fun-loving, independent",retired," action movies,  romantic movies,  family-friendly movies,  comedy movies,  classic movies",Watcher
410,Mary Smith,male,43,"empathetic, ambitious, outgoing",doctor, sci-fi movies,Critic;Poster
411,Michael Williams,female,21,caring,writer," action movies,  documentaries,  sci-fi movies,  family-friendly movies",Watcher
412,Sarah Davis,female,47,"analytical, ambitious, practical, introspective",lawyer," romantic movies,  comedy movies,  documentaries,  thriller movies,  family-friendly movies",Watcher;Explorer;Critic;Chatter
413,John Garcia,male,37,"patient, practical, optimistic, outgoing",artist," family-friendly movies,  thriller movies,  comedy movies",Watcher;Critic
414,John Jones,female,70,"empathetic, energetic, outgoing, fun-loving",writer," thriller movies,  comedy movies,  sci-fi movies,  romantic movies",Critic;Chatter
415,James Davis,male,35,"energetic, independent, analytical",entrepreneur, action movies,Watcher;Poster
416,James Brown,female,38,patient,writer," comedy movies,  classic movies,  romantic movies",Watcher;Explorer
417,Robert Johnson,female,61,adventurous,artist," documentaries,  classic movies,  action movies,  romantic movies",Watcher;Critic
418,James Brown,female,45,"analytical, compassionate, creative, optimistic",engineer," documentaries,  action movies,  comedy movies",Watcher;Explorer;Poster
419,Emily Brown,male,68,"patient, creative, independent, optimistic",doctor," comedy movies,  family-friendly movies,  romantic movies,  classic movies,  sci-fi movies",Explorer;Chatter;Poster
420,Robert Smith,female,22,"energetic, patient, introspective",artist, comedy movies,Watcher;Critic;Poster
421,Mary Johnson,female,48,"practical, adventurous, caring",doctor," family-friendly movies,  classic movies",Poster
422,Linda Johnson,male,26,"analytical, caring, adventurous",artist," sci-fi movies,  family-friendly movies,  thriller movies",Watcher;Poster
423,Mary Jones,female,67,"analytical, meticulous, outgoing",artist," romantic movies,  classic movies,  comedy movies,  thriller movies",Watcher;Critic;Chatter;Poster
424,John Martinez,male,23,"ambitious, introspective, caring, compassionate",lawyer," sci-fi movies,  comedy movies,  romantic movies,  documentaries",Watcher;Critic;Chatter
425,Linda Davis,female,64,"independent, adventurous, optimistic",scientist," comedy movies,  thriller movies,  documentaries,  action movies,  classic movies",Critic;Poster
426,John Johnson,female,57,"introspective, energetic",retired," family-friendly movies,  comedy movies,  thriller movies,  action movies,  documentaries",Explorer;Chatter
427,Michael Garcia,female,38,"outgoing, patient, optimistic, compassionate, creative",teacher, classic movies,Watcher;Poster
428,Sarah Garcia,male,24,"compassionate, practical, patient, fun-loving, optimistic",scientist," family-friendly movies,  action movies,  thriller movies,  comedy movies",Critic;Chatter;Poster
429,Jane Williams,female,62,"energetic, fun-loving",artist, family-friendly movies,Critic
430,Sarah Miller,male,45,creative,teacher," romantic movies,  comedy movies",Watcher;Chatter;Poster
431,James Williams,female,31,adventurous,teacher," family-friendly movies,  documentaries",Watcher
432,Sarah Williams,male,30,meticulous,artist," family-friendly movies,  action movies,  documentaries,  classic movies",Watcher;Poster
433,Robert Martinez,male,22,"caring, practical, adventurous",student, documentaries,Watcher;Chatter
434,Jane Brown,female,29,"empathetic, practical, fun-loving, optimistic",artist, sci-fi movies,Watcher
435,James Miller,male,29,"creative, optimistic",doctor, family-friendly movies,Critic;Poster
436,Emily Jones,female,36,"empathetic, outgoing",farmer," sci-fi movies,  action movies,  family-friendly movies",Explorer;Critic
437,John Smith,male,40,"meticulous, analytical",student," classic movies,  family-friendly movies,  sci-fi movies,  thriller movies,  comedy movies",Watcher
438,John Davis,female,41,"outgoing, caring, empathetic, ambitious",scientist," documentaries,  comedy movies",Watcher;Chatter
439,Mary Garcia,male,52,"meticulous, empathetic, independent, analytical, energetic",entrepreneur," romantic movies,  thriller movies,  documentaries",Watcher;Explorer;Critic;Chatter
440,John Johnson,male,59,caring,scientist," sci-fi movies,  romantic movies,  comedy movies,  thriller movies,  action movies",Watcher
441,James Garcia,female,36,"introspective, adventurous, practical, caring",lawyer," comedy movies,  documentaries,  romantic movies",Watcher;Critic
442,John Johnson,male,59,"empathetic, fun-loving, outgoing, adventurous",artist," documentaries,  sci-fi movies,  thriller movies,  action movies",Watcher;Explorer;Critic;Poster
443,Jane Taylor,female,63,"compassionate, ambitious",writer," documentaries,  family-friendly movies,  action movies,  romantic movies,  classic movies",Watcher;Critic;Chatter;Poster
444,Linda Smith,male,66,patient,retired," documentaries,  action movies",Watcher;Explorer
445,John Taylor,female,56,adventurous,scientist," sci-fi movies,  comedy movies,  family-friendly movies",Chatter;Poster
446,Sarah Garcia,male,45,creative,lawyer," family-friendly movies,  sci-fi movies,  documentaries",Explorer
447,Mary Williams,female,28,patient,lawyer," romantic movies,  action movies,  sci-fi movies,  family-friendly movies",Watcher;Critic
448,John Taylor,female,27,"meticulous, outgoing",scientist," thriller movies,  sci-fi movies,  documentaries,  comedy movies",Poster
449,Robert Miller,male,69,"introspective, adventurous, analytical",artist," thriller movies,  family-friendly movies",Critic;Poster
450,Emily Taylor,female,46,"adventurous, energetic, analytical",lawyer," sci-fi movies,  action movies",Watcher;Explorer;Chatter;Poster
451,Robert Garcia,female,26,"energetic, introspective, fun-loving, meticulous",writer," thriller movies,  classic movies,  romantic movies,  action movies",Chatter
452,Mary Martinez,male,31,energetic,teacher," comedy movies,  thriller movies",Watcher;Explorer;Critic
453,Jane Johnson,female,33,"patient, introspective",scientist," thriller movies,  sci-fi movies,  romantic movies,  comedy movies",Watcher;Critic;Chatter;Poster
454,Emily Jones,male,63,"caring, fun-loving, adventurous, creative",engineer," classic movies,  thriller movies",Watcher;Chatter;Poster
455,Michael Miller,female,58,"analytical, practical",scientist," action movies,  sci-fi movies,  documentaries,  comedy movies",Watcher;Explorer;Critic
456,James Taylor,male,40,"creative, outgoing, practical, fun-loving, compassionate",entrepreneur," romantic movies,  family-friendly movies,  thriller movies",Critic
457,Jane Smith,female,69,independent,teacher, sci-fi movies,Watcher;Explorer;Chatter
458,Mary Williams,male,31,"empathetic, energetic, meticulous, introspective",teacher," action movies,  comedy movies",Watcher;Chatter
459,Sarah Martinez,male,32,"empathetic, fun-loving, optimistic",lawyer," comedy movies,  sci-fi movies,  romantic movies,  documentaries,  action movies",Watcher;Critic;Chatter;Poster
460,John Jones,female,34,"outgoing, creative, meticulous, fun-loving, empathetic",doctor," action movies,  family-friendly movies,  classic movies,  sci-fi movies",Explorer;Poster
461,Emily Martinez,male,38,"ambitious, independent, optimistic",student," action movies,  sci-fi movies,  thriller movies,  family-friendly movies,  classic movies",Explorer;Chatter;Poster
462,Linda Davis,female,55,"outgoing, optimistic, patient, practical, analytical",writer," sci-fi movies,  thriller movies,  documentaries,  action movies",Watcher;Explorer;Poster
463,James Garcia,male,37,"practical, energetic",scientist," classic movies,  action movies,  family-friendly movies,  documentaries,  sci-fi movies",Watcher
464,David Johnson,female,59,"independent, caring, patient",teacher," action movies,  romantic movies,  sci-fi movies",Watcher;Chatter;Poster
465,James Miller,male,65,"energetic, fun-loving, optimistic, patient",farmer," thriller movies,  comedy movies",Chatter
466,Robert Williams,male,62,introspective,teacher," documentaries,  classic movies,  action movies,  sci-fi movies,  family-friendly movies",Chatter
467,Sarah Jones,female,46,"practical, energetic, optimistic, meticulous, independent",writer, action movies,Watcher;Critic;Poster
468,Sarah Garcia,male,21,"caring, outgoing, practical, energetic",artist," classic movies,  sci-fi movies,  action movies,  comedy movies",Watcher;Poster
469,Linda Miller,male,31,"patient, ambitious, empathetic, practical, analytical",farmer," documentaries,  thriller movies,  family-friendly movies,  action movies",Explorer;Critic;Poster
470,David Smith,female,52,"optimistic, fun-loving, outgoing",doctor," classic movies,  comedy movies",Watcher
471,Linda Martinez,male,43,"practical, adventurous, ambitious",lawyer," documentaries,  family-friendly movies,  romantic movies",Watcher
472,Robert Martinez,female,45,"practical, optimistic",teacher," action movies,  romantic movies,  documentaries,  comedy movies,  classic movies",Watcher;Poster
473,Robert Jones,male,59,optimistic,student," romantic movies,  family-friendly movies,  documentaries,  action movies",Watcher;Critic
474,Robert Garcia,female,67,"empathetic, fun-loving",farmer," romantic movies,  action movies,  documentaries,  thriller movies",Watcher;Explorer;Critic;Poster
475,Sarah Davis,female,62,"independent, analytical, introspective, creative",doctor," classic movies,  romantic movies,  documentaries",Watcher;Explorer;Chatter;Poster
476,David Williams,male,39,"analytical, patient, creative, meticulous, empathetic",entrepreneur," action movies,  classic movies,  family-friendly movies",Watcher;Critic
477,Robert Williams,female,28,"empathetic, introspective",doctor," documentaries,  romantic movies,  thriller movies,  sci-fi movies,  family-friendly movies",Explorer;Critic;Poster
478,David Taylor,male,52,fun-loving,entrepreneur," action movies,  comedy movies,  classic movies,  sci-fi movies,  documentaries",Poster
479,David Garcia,female,33,"compassionate, independent, empathetic",teacher," family-friendly movies,  action movies,  sci-fi movies,  romantic movies",Watcher;Critic;Poster
480,Michael Miller,female,52,"energetic, analytical, ambitious, outgoing",retired, sci-fi movies,Watcher
481,David Smith,male,68,"caring, empathetic, independent, energetic, analytical",entrepreneur, action movies,Watcher;Explorer;Critic
482,David Smith,female,58,"ambitious, caring, optimistic",farmer," classic movies,  sci-fi movies,  action movies,  comedy movies",Watcher;Poster
483,James Jones,male,59,patient,student," thriller movies,  documentaries,  comedy movies,  sci-fi movies",Critic;Poster
484,James Davis,female,59,"introspective, patient, empathetic, creative, analytical",scientist," classic movies,  romantic movies",Critic
485,Emily Davis,male,50,"meticulous, compassionate, independent",writer," family-friendly movies,  thriller movies,  romantic movies,  documentaries",Watcher;Explorer;Chatter;Poster
486,Michael Miller,male,36,"fun-loving, empathetic, caring, introspective, independent",student," romantic movies,  documentaries",Watcher;Critic
487,Sarah Brown,female,54,caring,engineer," sci-fi movies,  romantic movies,  thriller movies,  family-friendly movies",Explorer
488,Robert Taylor,male,65,patient,teacher, family-friendly movies,Explorer
489,Emily Davis,male,31,"adventurous, meticulous",farmer," documentaries,  sci-fi movies,  thriller movies,  romantic movies,  family-friendly movies",Critic;Chatter
490,Sarah Garcia,female,29,"empathetic, optimistic",engineer," family-friendly movies,  thriller movies,  romantic movies",Explorer;Critic;Chatter
491,Sarah Jones,male,33,meticulous,farmer," sci-fi movies,  comedy movies,  thriller movies",Watcher;Critic
492,Mary Garcia,female,26,outgoing,teacher," thriller movies,  documentaries,  action movies",Watcher
493,Emily Miller,male,52,"independent, energetic, patient, compassionate",retired," action movies,  classic movies,  sci-fi movies",Explorer
494,Robert Brown,female,49,"caring, energetic, analytical",artist, thriller movies,Explorer;Critic;Chatter
495,Linda Martinez,male,51,"empathetic, ambitious, outgoing, creative",writer," sci-fi movies,  classic movies",Watcher
496,James Johnson,male,49,meticulous,farmer," comedy movies,  documentaries",Critic;Chatter;Poster
497,John Davis,female,65,"fun-loving, optimistic, caring, introspective, analytical",retired, romantic movies,Explorer;Critic
498,Linda Jones,male,70,"patient, empathetic, ambitious, optimistic",engineer, family-friendly movies,Watcher;Poster
499,Robert Martinez,male,58,"fun-loving, caring, outgoing, compassionate",student, documentaries,Explorer;Critic
500,Sarah Jones,female,21,"energetic, analytical",writer," documentaries,  action movies,  thriller movies",Poster
501,James Martinez,male,38,outgoing,lawyer," sci-fi movies,  action movies",Poster
502,Mary Smith,female,30,practical,scientist," thriller movies,  documentaries",Poster
503,David Miller,female,60,creative,artist," classic movies,  documentaries,  family-friendly movies,  sci-fi movies",Critic;Chatter
504,Jane Williams,male,66,"fun-loving, energetic, introspective",teacher, thriller movies,Explorer;Critic
505,James Brown,male,49,"empathetic, meticulous",writer, romantic movies,Poster
506,Linda Taylor,male,23,"independent, optimistic, analytical, fun-loving",doctor," romantic movies,  sci-fi movies",Watcher
507,David Miller,male,38,"introspective, compassionate, adventurous, meticulous",doctor," comedy movies,  action movies,  documentaries,  romantic movies,  sci-fi movies",Watcher;Chatter
508,James Garcia,male,65,"energetic, practical, meticulous, fun-loving",lawyer," documentaries,  comedy movies",Explorer;Poster
509,Robert Taylor,male,68,practical,engineer, family-friendly movies,Watcher;Critic
510,James Miller,male,33,"outgoing, meticulous, fun-loving, ambitious, patient",doctor," family-friendly movies,  thriller movies,  romantic movies,  classic movies",Chatter;Poster
511,Robert Smith,male,69,"energetic, caring, practical, compassionate, patient",doctor," sci-fi movies,  documentaries",Watcher;Critic
512,John Garcia,female,42,"meticulous, optimistic",student," sci-fi movies,  romantic movies",Poster
513,Michael Garcia,male,53,"ambitious, empathetic, analytical, compassionate, adventurous",artist," romantic movies,  thriller movies,  sci-fi movies,  documentaries,  family-friendly movies",Explorer;Critic;Chatter
514,Mary Smith,female,55,"patient, compassionate, independent, empathetic",doctor," thriller movies,  sci-fi movies,  documentaries,  comedy movies",Poster
515,James Martinez,female,34,ambitious,student," comedy movies,  action movies,  sci-fi movies",Watcher;Explorer;Critic;Chatter;Poster
516,Emily Smith,male,47,"creative, practical",farmer," documentaries,  comedy movies,  romantic movies,  action movies,  sci-fi movies",Watcher
517,John Davis,male,50,"empathetic, analytical",teacher," family-friendly movies,  thriller movies,  action movies,  romantic movies,  documentaries",Explorer;Critic;Chatter
518,Robert Jones,male,61,fun-loving,artist, documentaries,Watcher
519,James Davis,female,25,"outgoing, introspective, creative, independent, ambitious",teacher, family-friendly movies,Watcher;Explorer
520,Mary Miller,male,32,"creative, patient, empathetic",lawyer," action movies,  family-friendly movies,  classic movies",Watcher;Explorer;Critic
521,Sarah Garcia,female,26,fun-loving,student," classic movies,  documentaries,  sci-fi movies,  action movies,  thriller movies",Watcher;Critic;Poster
522,James Johnson,male,56,"creative, ambitious, caring, practical",doctor," comedy movies,  sci-fi movies,  documentaries",Watcher
523,Sarah Davis,female,32,"fun-loving, creative, patient, adventurous, introspective",scientist," comedy movies,  thriller movies,  action movies",Poster
524,David Johnson,male,29,"introspective, practical, meticulous",artist," documentaries,  comedy movies",Watcher
525,Mary Williams,female,61,energetic,artist," family-friendly movies,  thriller movies,  romantic movies,  action movies",Poster
526,Emily Davis,male,49,"empathetic, caring, creative, analytical, meticulous",artist," thriller movies,  documentaries",Critic
527,Mary Taylor,female,46,"ambitious, analytical",scientist," action movies,  romantic movies,  comedy movies",Explorer
528,James Brown,male,44,"independent, introspective, ambitious",writer," thriller movies,  classic movies,  sci-fi movies,  romantic movies,  documentaries",Chatter;Poster
529,Mary Jones,female,46,"patient, analytical",retired, classic movies,Watcher;Critic
530,John Jones,male,23,"compassionate, introspective, ambitious, adventurous",writer," classic movies,  comedy movies",Poster
531,James Williams,female,26,"adventurous, introspective, creative, independent, outgoing",engineer," action movies,  thriller movies,  sci-fi movies",Critic;Chatter
532,John Davis,male,41,caring,artist, comedy movies,Watcher
533,Sarah Jones,male,26,"caring, energetic, fun-loving, outgoing, ambitious",engineer," sci-fi movies,  thriller movies,  action movies,  family-friendly movies,  classic movies",Chatter;Poster
534,Sarah Jones,male,45,"fun-loving, practical, compassionate, meticulous",farmer," family-friendly movies,  classic movies,  documentaries,  thriller movies",Watcher;Critic;Poster
535,Robert Davis,male,42,"empathetic, independent, energetic",scientist, comedy movies,Explorer
536,Emily Martinez,male,49,"compassionate, practical, empathetic, independent, fun-loving",engineer," sci-fi movies,  romantic movies,  comedy movies,  action movies,  documentaries",Critic;Chatter
537,Emily Brown,male,48,compassionate,lawyer," sci-fi movies,  thriller movies,  classic movies,  romantic movies,  family-friendly movies",Watcher;Chatter
538,Emily Smith,female,27,"introspective, adventurous, independent, optimistic",artist," family-friendly movies,  sci-fi movies,  thriller movies",Watcher
539,Linda Garcia,female,41,"caring, analytical, optimistic",engineer," family-friendly movies,  thriller movies,  comedy movies",Critic
540,James Williams,female,23,"analytical, creative, caring, patient",teacher," romantic movies,  sci-fi movies,  comedy movies,  classic movies",Explorer
541,James Miller,male,64,"ambitious, meticulous",engineer," sci-fi movies,  family-friendly movies",Explorer;Poster
542,Sarah Davis,male,26,"compassionate, introspective",artist," comedy movies,  documentaries,  action movies,  romantic movies",Explorer
543,James Garcia,male,57,"outgoing, optimistic, independent, adventurous",lawyer," romantic movies,  comedy movies",Watcher;Poster
544,Mary Martinez,male,37,"caring, fun-loving, optimistic",engineer," comedy movies,  action movies,  classic movies,  thriller movies",Chatter
545,Jane Taylor,female,49,"fun-loving, independent, ambitious",scientist," action movies,  sci-fi movies",Critic
546,Robert Smith,male,62,creative,engineer, action movies,Poster
547,John Smith,female,44,"outgoing, energetic, practical, creative, empathetic",engineer, family-friendly movies,Watcher;Chatter;Poster
548,Sarah Garcia,male,23,"ambitious, creative, fun-loving",doctor," comedy movies,  thriller movies,  documentaries,  action movies",Chatter;Poster
549,Emily Miller,female,29,fun-loving,engineer," documentaries,  action movies",Chatter;Poster
550,John Jones,male,27,analytical,entrepreneur, family-friendly movies,Watcher;Explorer;Poster
551,James Martinez,female,49,"optimistic, compassionate",doctor," classic movies,  action movies,  sci-fi movies",Watcher;Chatter
552,James Smith,male,69,"meticulous, independent, patient",writer," thriller movies,  action movies,  classic movies,  documentaries,  comedy movies",Watcher
553,Robert Johnson,female,21,"analytical, independent, optimistic, empathetic, patient",lawyer," classic movies,  action movies,  family-friendly movies,  comedy movies,  romantic movies",Poster
554,Michael Smith,male,45,"empathetic, patient",entrepreneur," thriller movies,  romantic movies,  sci-fi movies,  documentaries",Watcher;Explorer
555,David Johnson,male,41,"outgoing, patient, compassionate",farmer," family-friendly movies,  sci-fi movies,  documentaries,  action movies",Explorer;Critic;Poster
556,John Davis,male,20,"fun-loving, compassionate, adventurous",artist, romantic movies,Explorer
557,David Garcia,female,34,"ambitious, meticulous, independent",teacher," comedy movies,  documentaries,  sci-fi movies,  classic movies,  family-friendly movies",Watcher
558,Michael Johnson,male,57,"adventurous, analytical, patient, ambitious",teacher," documentaries,  action movies,  classic movies,  family-friendly movies,  romantic movies",Watcher
559,Emily Miller,female,29,empathetic,entrepreneur," comedy movies,  action movies,  documentaries,  thriller movies",Watcher;Poster
560,Jane Smith,male,42,"caring, independent, patient, meticulous, practical",engineer," comedy movies,  sci-fi movies,  thriller movies,  action movies,  classic movies",Critic;Chatter;Poster
561,John Johnson,female,62,"meticulous, creative, analytical, fun-loving",artist, comedy movies,Watcher
562,Linda Brown,male,61,"compassionate, fun-loving, practical, outgoing, meticulous",engineer," thriller movies,  romantic movies,  comedy movies",Watcher;Explorer;Chatter;Poster
563,Michael Garcia,male,51,"patient, ambitious",artist," sci-fi movies,  comedy movies",Explorer;Critic
564,Emily Taylor,female,29,"introspective, empathetic, fun-loving, independent",entrepreneur," family-friendly movies,  comedy movies",Watcher;Critic;Chatter
565,Jane Taylor,male,26,"creative, outgoing, caring, optimistic",scientist," romantic movies,  family-friendly movies",Watcher;Poster
566,James Jones,female,32,"optimistic, creative, practical",doctor," thriller movies,  action movies",Chatter;Poster
567,David Davis,male,62,introspective,teacher, documentaries,Chatter
568,Linda Brown,male,46,outgoing,retired," comedy movies,  sci-fi movies,  action movies,  classic movies,  family-friendly movies",Explorer
569,Robert Smith,male,62,"creative, ambitious",engineer," documentaries,  comedy movies",Explorer;Poster
570,Emily Brown,female,65,"independent, energetic",scientist," documentaries,  family-friendly movies,  comedy movies,  sci-fi movies",Critic
571,Jane Williams,male,33,"energetic, outgoing",teacher," thriller movies,  action movies,  documentaries,  family-friendly movies,  sci-fi movies",Watcher
572,David Smith,female,55,patient,writer," comedy movies,  sci-fi movies,  thriller movies",Watcher;Explorer;Critic;Chatter
573,Michael Miller,female,51,"compassionate, ambitious, energetic, empathetic",student, action movies,Explorer
574,Linda Davis,male,37,"creative, practical, outgoing, compassionate",farmer," documentaries,  sci-fi movies",Explorer
575,Emily Johnson,female,59,"outgoing, independent, meticulous",artist," sci-fi movies,  action movies",Watcher
576,Emily Miller,male,66,adventurous,retired," thriller movies,  documentaries,  sci-fi movies,  classic movies,  action movies",Watcher;Explorer
577,John Jones,female,45,"energetic, fun-loving, independent, outgoing, empathetic",doctor," sci-fi movies,  romantic movies,  family-friendly movies,  documentaries,  classic movies",Poster
578,John Johnson,female,30,"energetic, caring, analytical, practical",writer, family-friendly movies,Poster
579,Jane Davis,male,58,compassionate,lawyer," romantic movies,  thriller movies,  documentaries,  action movies",Watcher;Poster
580,Jane Davis,female,28,creative,artist, romantic movies,Watcher;Explorer;Chatter
581,Emily Martinez,female,58,"introspective, caring, independent, patient, creative",scientist," romantic movies,  classic movies,  sci-fi movies,  action movies,  thriller movies",Explorer;Critic
582,Mary Williams,male,32,meticulous,entrepreneur," action movies,  sci-fi movies,  documentaries,  comedy movies",Critic;Poster
583,John Taylor,male,55,"practical, energetic",writer," classic movies,  sci-fi movies,  documentaries",Explorer
584,Linda Taylor,female,45,caring,writer, sci-fi movies,Chatter
585,David Williams,female,62,empathetic,lawyer," documentaries,  romantic movies",Chatter;Poster
586,John Garcia,male,47,"adventurous, independent, empathetic",entrepreneur," sci-fi movies,  action movies,  romantic movies,  family-friendly movies",Explorer;Chatter;Poster
587,Sarah Garcia,male,51,"patient, energetic",artist, family-friendly movies,Watcher;Critic;Chatter
588,Robert Martinez,female,70,"introspective, energetic, caring, creative",writer," documentaries,  action movies",Watcher;Critic;Chatter
589,David Davis,male,60,"creative, introspective",student," family-friendly movies,  comedy movies,  thriller movies,  sci-fi movies,  romantic movies",Explorer
590,Michael Williams,male,52,"empathetic, patient, independent",writer," romantic movies,  documentaries,  classic movies,  sci-fi movies",Explorer;Critic
591,David Johnson,female,29,"empathetic, adventurous, caring",student," family-friendly movies,  classic movies,  action movies,  comedy movies,  documentaries",Watcher
592,Emily Smith,male,20,"patient, ambitious, empathetic",student," family-friendly movies,  comedy movies,  romantic movies,  documentaries,  thriller movies",Watcher;Critic
593,Michael Davis,female,42,"patient, meticulous",teacher," thriller movies,  comedy movies,  sci-fi movies",Watcher;Explorer;Chatter;Poster
594,Sarah Brown,male,34,"meticulous, introspective",lawyer," comedy movies,  action movies,  thriller movies,  sci-fi movies,  documentaries",Watcher;Explorer;Chatter
595,Jane Williams,female,21,"patient, compassionate, independent",artist," family-friendly movies,  romantic movies,  classic movies",Critic;Chatter;Poster
596,James Johnson,male,58,empathetic,retired, romantic movies,Watcher;Explorer;Critic;Poster
597,John Davis,male,30,"creative, fun-loving, adventurous",entrepreneur," action movies,  documentaries",Chatter;Poster
598,Linda Garcia,female,45,"practical, optimistic",student," classic movies,  action movies,  comedy movies,  romantic movies",Watcher;Explorer
599,Emily Davis,male,56,"adventurous, compassionate, patient, caring, fun-loving",engineer, thriller movies,Watcher;Explorer;Chatter;Poster
600,Emily Garcia,male,38,"creative, outgoing, practical",student," documentaries,  romantic movies,  action movies,  sci-fi movies",Watcher;Poster
601,James Smith,female,23,"creative, optimistic, analytical, compassionate, practical",lawyer," family-friendly movies,  classic movies,  documentaries,  thriller movies",Chatter
602,James Brown,female,55,"empathetic, outgoing, energetic, ambitious",student," family-friendly movies,  comedy movies,  action movies,  documentaries",Explorer;Critic
603,Sarah Smith,male,68,"empathetic, analytical, fun-loving, caring",lawyer," romantic movies,  sci-fi movies",Poster
604,John Garcia,female,41,empathetic,doctor," family-friendly movies,  action movies,  romantic movies,  sci-fi movies",Watcher;Explorer
605,Mary Williams,male,23,meticulous,scientist," classic movies,  sci-fi movies",Chatter
606,Emily Brown,female,66,"optimistic, practical, adventurous, ambitious",writer, romantic movies,Critic;Poster
607,Sarah Smith,male,64,meticulous,writer," action movies,  classic movies,  thriller movies",Explorer;Critic;Chatter;Poster
608,Robert Miller,female,33,"caring, analytical, creative, optimistic",writer," documentaries,  family-friendly movies,  comedy movies,  classic movies",Watcher;Chatter;Poster
609,James Johnson,male,21,"fun-loving, adventurous, analytical, creative, compassionate",doctor," family-friendly movies,  comedy movies,  thriller movies,  documentaries,  romantic movies",Watcher;Explorer;Chatter
610,Sarah Miller,male,69,"analytical, optimistic, practical, independent",writer," family-friendly movies,  classic movies,  romantic movies",Watcher;Explorer
611,David Brown,female,42,"optimistic, independent, practical, ambitious, patient",writer," documentaries,  action movies,  thriller movies",Explorer;Chatter;Poster
612,Robert Miller,male,57,"patient, practical, fun-loving, creative, optimistic",doctor, thriller movies,Critic;Poster
613,Robert Davis,male,45,outgoing,artist," action movies,  sci-fi movies,  thriller movies,  comedy movies",Poster
614,Emily Garcia,female,56,adventurous,scientist," sci-fi movies,  action movies,  thriller movies",Explorer;Critic;Chatter
615,Jane Brown,male,46,"practical, analytical, independent, compassionate",engineer," action movies,  thriller movies",Explorer
616,Emily Taylor,female,65,introspective,teacher," thriller movies,  classic movies,  action movies",Watcher
617,Mary Williams,male,51,ambitious,student, thriller movies,Critic;Poster
618,Emily Martinez,female,49,ambitious,engineer," family-friendly movies,  classic movies,  romantic movies,  comedy movies,  action movies",Watcher;Chatter;Poster
